NEIGHBORHOOD_NAME,median_price,total_sales,median_psf,sd_price,cluster
AIRPORT LA GUARDIA,742500,54,534.8287865870986,239540.18130682438,1
ALPHABET CITY,3400000,320,550.6707890859485,9872151.457962152,3
ANNADALE,699000,1673,317.6470588235294,376202.83298954286,1
ARDEN HEIGHTS,400000,3016,267.5607769290989,189630.96657098274,2
ARROCHAR,525000,291,318.5433155080214,247964.53543765095,1
ARROCHAR-SHORE ACRES,543800,171,333.3333333333333,343544.514654697,1
ARVERNE,448000,2145,227.27272727272728,2663946.7199455705,1
ASTORIA,980000,4755,456.62100456621005,3036821.090789908,2
BATH BEACH,900000,1765,445.46380223660975,907715.1020304076,1
BATHGATE,461370,479,173.33984375,1403049.5447452315,1
BAY RIDGE,990000,4229,486.1111111111111,1152282.5142733708,2
BAYCHESTER,450000,3660,227.82562351431915,506990.5653961952,2
BAYSIDE,848000,6870,500,411960.993429943,2
BEDFORD PARK/NORWOOD,656500,1304,164.70129907120742,2890624.088076849,1
BEDFORD STUYVESANT,849875,9718,312.34378904297853,2112495.335001059,2
BEECHHURST,935500,744,511.84112276414487,491541.07488333207,1
BELLE HARBOR,800000,913,383.1775700934579,389830.09288817114,1
BELLEROSE,570000,2165,411.39240506329116,205021.23205018527,1
BELMONT,612794,640,182.28743333333333,3538970.887336961,1
BENSONHURST,970000,3726,442.2649572649573,722649.7568906278,2
BERGEN BEACH,719000,1425,347.7477477477477,946437.9470243515,1
BLOOMFIELD,813000,5,537.4280230326295,370992.9945430237,1
BOERUM HILL,2350000,664,942.8746928746929,3425167.3360224804,3
BOROUGH PARK,995000,5564,442.68963866953817,970870.1932988365,2
BRIARWOOD,677500,620,383.8772577996716,5116331.453549388,1
BRIGHTON BEACH,630000,786,342.3449612403101,3139091.5058005922,1
BROAD CHANNEL,351534,454,281.93473193473193,181288.27818800329,1
BRONX-UNKNOWN,595000,10,174.84606338979978,5248552.505479751,1
BRONXDALE,470500,2347,229.80958634274458,2314094.170565245,1
BROOKLYN HEIGHTS,999999,10,390.6424418604651,3323770.386062464,1
BROOKLYN-UNKNOWN,4400355,529,1162.988115449915,5853588.119780397,3
BROWNSVILLE,470000,1659,237.17948717948718,2833373.4571013707,1
BULLS HEAD,464000,2433,287.475,254239.8210442373,1
BUSH TERMINAL,780000,173,356.8627450980392,1113353.1446196022,1
BUSHWICK,715000,5492,242.79835390946502,5044516.508467799,2
CAMBRIA HEIGHTS,425000,1858,333.0973166041082,207623.79324175997,1
CANARSIE,503500,5955,268.4049079754601,469218.5312178043,2
CARROLL GARDENS,2500000,979,880.2083333333334,1887115.2148419737,3
CASTLE HILL/UNIONPORT,480000,1426,228.59778123669255,4304374.802176762,1
CASTLETON CORNERS,529000,1589,361.7142857142857,216915.615309034,1
CHELSEA,4150000,683,1371.5277777777778,22949854.97274404,3
CHINATOWN,3529444,146,740.3515039453891,5868267.3218212295,3
CITY ISLAND,490320,651,337.1369294605809,275032.9409616226,1
CITY ISLAND-PELHAM STRIP,992500,22,412.0576709489787,1182303.6080255695,1
CIVIC CENTER,4926071.5,112,1788.169870465766,28553574.744170308,3
CLINTON,2782628.5,312,1007.2378990011873,24153113.678405106,3
CLINTON HILL,1750000,1109,603.8644323671498,4783727.678932475,1
CLOVE LAKES,550000,853,358.76993166287014,225245.36945107928,1
CO-OP CITY,280000,15,208.33333333333334,160859.83746580067,1
COBBLE HILL,3350000,505,1130.2083333333333,3596469.6844457397,3
COBBLE HILL-WEST,1690000,160,834.9426622202993,1087113.6820876424,1
COLLEGE POINT,725500,2952,393.5327994227994,372097.3585758413,2
CONCORD,330000,943,252.75735294117646,885384.5552767636,1
CONCORD-FOX HILLS,365000,297,310.55900621118013,3114835.0016855723,1
CONEY ISLAND,510000,552,304.6826141338337,6218185.503891337,1
CORONA,765000,3601,312.5,946587.0351217157,2
COUNTRY CLUB,555000,1690,308.9324810383924,266443.6250657383,1
CROTONA PARK,494409,456,180.03424768970456,1580685.0608048837,1
CROWN HEIGHTS,900000,4409,290.47976011994,3162174.20560612,2
CYPRESS HILLS,491500,2774,223.01347401483747,385704.6314601933,2
DONGAN HILLS,593000,837,369.4029850746269,483394.0914862137,1
DONGAN HILLS-COLONY,757500,580,374.1392898622864,426514.6737036844,1
DONGAN HILLS-OLD TOWN,400000,48,299.1774891774892,996975.8740118656,1
DOUGLASTON,940000,1192,497.2489467302793,964119.6919610118,1
DOWNTOWN-FULTON FERRY,1972500,116,1235.2880311484455,3346438.960825956,3
DOWNTOWN-FULTON MALL,1403740.5,180,1249.3835651993354,5100260.717492244,3
DOWNTOWN-METROTECH,1095000,78,1023.3285233285233,25949540.01985724,3
DYKER HEIGHTS,955000,2522,506.53846153846155,503996.0268100243,1
EAST ELMHURST,600000,2166,321.7953444280598,419545.4086772374,1
EAST NEW YORK,459000,7567,224.89539748953976,2534603.4693168513,2
EAST TREMONT,490000,947,178.34600903614458,3439673.777049745,1
EAST VILLAGE,4950000,492,902.2947909874665,8994685.455946084,3
ELMHURST,800000,3599,386.71875,2847169.20690866,2
ELTINGVILLE,531000,3421,336.80555555555554,251453.7324721478,2
EMERSON HILL,875000,201,364.0625,553056.2726559513,1
FAR ROCKAWAY,450000,3219,210.8187134502924,3566544.5326012783,2
FASHION,2767301.5,122,1792.946644514468,30425129.705600828,3
FIELDSTON,1350000,280,448.3585521652476,1415845.4849448123,1
FINANCIAL,1125000,241,1257.2533849129593,58606816.865626544,3
FLATBUSH-CENTRAL,975000,2858,331.8567809524743,3061969.199537509,2
FLATBUSH-EAST,529250,5936,290.4302359696551,1064456.4088470142,2
FLATBUSH-LEFFERTS GARDEN,1200000,1087,436.3957597173145,2063713.127628556,1
FLATBUSH-NORTH,560000,2423,229.26634768740033,2073067.090494901,1
FLATIRON,3562500,198,1777.0424192831838,26244435.352273785,3
FLATLANDS,500000,1488,285.6998805791909,521965.4862283191,1
FLORAL PARK,610000,1818,465.76239191328705,224889.74099020753,1
FLUSHING MEADOW PARK,740000,4783,463.4994206257242,3678112.8843856324,2
FLUSHING-NORTH,1120000,1105,668.918918918919,1424194.9579440278,1
FLUSHING-SOUTH,820000,10707,485.79545454545456,1546702.2580739819,2
FORDHAM,675000,685,169.37207122774134,3828627.4627297064,1
FOREST HILLS,980000,2767,568.8463583200426,1120555.2558226513,1
FORT GREENE,2000000,788,723.2969576719577,10835608.942986613,1
FRESH KILLS,588000,9,308.8235294117647,1054672.0348834882,1
FRESH MEADOWS,808000,1399,520.3895313451004,355494.0777533828,1
GERRITSEN BEACH,450000,1156,380.8013292549375,199105.53134296276,1
GLEN OAKS,600000,431,465.45454545454544,2765349.3289815467,1
GLENDALE,677250,3068,373.266545970361,628594.188233039,2
GOWANUS,1465000,666,757.328183798772,5491742.435327211,1
GRAMERCY,3156644,288,1340.2613010685254,26602182.862218514,3
GRANT CITY,535000,951,370.74437391806117,267872.22602669586,1
GRASMERE,583000,750,377.8985507246377,957436.704714963,1
GRAVESEND,836800,3841,444.44444444444446,1001619.7270612366,2
GREAT KILLS,520000,6622,339.4163625304136,221685.06035396116,2
GREAT KILLS-BAY TERRACE,540000,539,345.5882352941176,209317.25513188797,1
GREENPOINT,1508409,1631,589.7435897435897,4633619.995386222,1
GREENWICH VILLAGE-CENTRAL,8799120,359,1750,13582144.358420098,3
GREENWICH VILLAGE-WEST,7073606,912,2182.822764924307,9714879.597100468,3
GRYMES HILL,550000,392,314.25762269193393,829349.3703105445,1
HAMMELS,385000,478,235.1084637268848,345917.28038942075,1
HARLEM-CENTRAL,1624221,2606,401.39986278308095,9088571.537106087,1
HARLEM-EAST,1683000,574,388.1410978448599,28613107.56008104,1
HARLEM-UPPER,1750500,652,364.1294672138828,5040544.256957901,1
HARLEM-WEST,2785390,192,190.11790314653896,5712542.050019664,1
HIGHBRIDGE/MORRIS HEIGHTS,560000,990,167.3619699343172,5675848.566945204,1
HILLCREST,610000,501,447.2843450479233,490197.70544605923,1
HOLLIS,453000,4164,290.67020202020205,598386.5573211133,2
HOLLIS HILLS,875000,549,490.67909454061254,354898.2311407838,1
HOLLISWOOD,875000,632,428.73480024194504,10293909.045771033,1
HOWARD BEACH,637500,2827,328.7002253944403,307543.3581630875,2
HUGUENOT,690000,1399,312.8666405944466,320628.6386136332,1
HUNTS POINT,435859,316,143.0660949783433,1628312.393627355,1
INWOOD,2321000,257,203.38983050847457,6940543.254291286,1
JACKSON HEIGHTS,740000,3678,382.7455844999705,2395592.3453856893,2
JAMAICA,570000,1381,283.43023255813955,1661988.5409986023,1
JAMAICA BAY (QUEENS),392500,152,209.1797658862876,197695.09240051368,1
JAMAICA ESTATES,956250,1020,457.32700785892274,845862.5755166772,1
JAMAICA HILLS,668000,759,361.8421052631579,851652.528951131,1
JAVITS CENTER,4582500,26,609.6387499774332,5616922.703839327,3
KENSINGTON,1125000,521,497.77777777777777,5323328.164836711,1
KEW GARDENS,768000,743,381.28249566724435,2402045.483431506,1
KINGSBRIDGE HTS/UNIV HTS,600000,700,161.42142985950431,2136669.4586075465,1
KINGSBRIDGE/JEROME PARK,607700,827,247.62171236709568,2760966.0842220057,1
KIPS BAY,1290836,281,1239.3162393162393,337032650.7396731,3
LAURELTON,430000,3433,302.8169014084507,227848.77220550622,2
LITTLE ITALY,6975000,96,1153.070607917216,8654429.06651867,3
LITTLE NECK,855000,1533,522.9591836734694,413602.87074910925,1
LIVINGSTON,465000,361,302.54777070063693,207299.1776755267,1
LONG ISLAND CITY,950000,1063,594.0111420612814,14287928.903611459,1
LOWER EAST SIDE,2875000,410,1033.1012188382733,24096939.39863693,3
MADISON,800000,2343,462.21322537112013,1596740.9910699958,1
MANHATTAN BEACH,1942500,428,575.5437501100488,6605110.144654499,1
MANHATTAN VALLEY,385000,13,35,6778933.084629245,1
MANHATTAN-UNKNOWN,1240685.5,590,535.7142857142857,803957.507615806,1
MANOR HEIGHTS,560000,1267,346.53465346534654,271189.80915895174,1
MARINE PARK,635000,3158,428.4583489684553,684222.5160398658,2
MARINERS HARBOR,355000,2123,243.05555555555554,236316.8724468984,1
MASPETH,655000,3239,390.625,308953.89498601295,2
MELROSE/CONCOURSE,570000,1131,151.7939282428703,5135978.865254092,1
MIDDLE VILLAGE,715000,4247,436.9627507163324,296172.1362179965,2
MIDLAND BEACH,445187,2410,319.9532983070636,233532.39773913307,1
MIDTOWN CBD,2640164,92,1777.2694283321857,36538115.21253327,3
MIDTOWN EAST,2535307,472,1269.5755256898458,22349566.855215162,3
MIDTOWN WEST,1740000,533,1379.9448022079116,23954845.293787297,3
MIDWOOD,916425,2565,467.5601583917149,3816273.6730713733,1
MILL BASIN,885000,1180,399.83200261909394,537568.6155750048,1
MORNINGSIDE HEIGHTS,10500000,15,588.3263663105744,22375188.07328582,3
MORRIS PARK/VAN NEST,542000,2129,256.2225475841874,573205.4566608144,1
MORRISANIA/LONGWOOD,477073,2308,178.59380815544608,3354226.2906760615,1
MOTT HAVEN/PORT MORRIS,619503.5,772,208.33333333333334,5984590.714473785,1
MOUNT HOPE/MOUNT EDEN,775000,615,155.25672371638143,6693226.231806914,1
MURRAY HILL,2837500,396,1149.748385632126,28484914.923381455,3
NAVY YARD,1100000,133,454.54545454545456,9504133.346744508,1
NEPONSIT,900000,331,492.78091650973005,844973.955065957,1
NEW BRIGHTON,365000,1704,197.2580360296715,1499087.0512704586,1
NEW BRIGHTON-ST. GEORGE,741000,38,515.4776869893149,5230805.011881579,1
NEW DORP,550000,1608,361.8964368964369,253941.14842028305,1
NEW DORP-BEACH,389000,893,310.97250859106526,195931.44750364625,1
NEW DORP-HEIGHTS,561403.5,852,360.1470588235294,263686.10672957945,1
NEW SPRINGVILLE,525000,2712,292.2955422955423,242728.9393926961,1
OAKLAND GARDENS,850000,1174,536.074023998648,360330.446610426,1
OAKWOOD,569499.5,588,384.54519230769233,241815.76643368712,1
OAKWOOD-BEACH,456578,873,319.078125,1571193.9822216753,1
OCEAN HILL,590000,3484,230.65534296498765,1818003.4615169493,2
OCEAN PARKWAY-NORTH,1125000,2740,543.4782608695652,1618720.6435391593,1
OCEAN PARKWAY-SOUTH,975000,1924,465.80702825252877,1794188.8431839289,1
OLD MILL BASIN,500000,2004,350.87719298245617,228321.9197652801,1
OZONE PARK,515000,4631,320.5128205128205,514203.14618335577,2
PARK SLOPE,2680000,2155,886.3443596268024,2407881.4834840437,3
PARK SLOPE SOUTH,1628500,1050,817.6625452494006,3075499.6327703535,1
PARKCHESTER,415000,1257,207.69230769230768,1516807.927997164,1
PELHAM GARDENS,550000,622,293.74923322291744,228099.86398598785,1
PELHAM PARKWAY NORTH,523000,1301,261.05651105651106,604057.1971883943,1
PELHAM PARKWAY SOUTH,595000,659,273.2849972113776,2837343.3405309217,1
PLEASANT PLAINS,715924,584,317.8274696678085,333423.7890821015,1
PORT IVORY,315000,375,230.3921568627451,199815.1491785685,1
PORT RICHMOND,370000,2014,233.8746964545896,489724.29359775846,1
PRINCES BAY,685000,1481,309.2783505154639,338906.47500837495,1
PROSPECT HEIGHTS,936688,1207,567.1965317919075,5393796.612884835,1
QUEENS VILLAGE,785000,2,293.6572356215213,233345.23779156068,1
QUEENS-UNKNOWN,450000,5178,315.7793522267207,479917.00631791743,2
RED HOOK,1325000,303,714.5177005521273,1109341.0851874996,1
REGO PARK,785000,1563,472.22222222222223,13878326.107287023,1
RICHMOND HILL,510000,6363,303.2879818594104,351026.6900696152,2
RICHMONDTOWN,667530,797,369.8890330953926,337662.7220965095,1
RICHMONDTOWN-LIGHTHS HILL,860000,112,397.8199209958201,401040.55920992314,1
RIDGEWOOD,814199,3125,284.5528455284553,808868.9650714363,2
RIVERDALE,850000,1071,383.76773455377577,3162081.606725531,1
ROCKAWAY PARK,500000,544,242.7670173060186,882112.5097281566,1
ROOSEVELT ISLAND,1215000,8,1229.525704295102,396521.06128478306,3
ROSEBANK,458000,1618,310.66996860047846,248687.67967002388,1
ROSEDALE,480000,4204,297.9855716878403,267281.75096103747,2
ROSSVILLE,535000,1250,283.10680652051053,1258997.6528804675,1
ROSSVILLE-CHARLESTON,566500,437,248.99598393574297,226103.18784967458,1
ROSSVILLE-PORT MOBIL,1374950,2,307.733271712852,883812.7658050657,1
ROSSVILLE-RICHMOND VALLEY,850000,125,326.8822109582428,510253.23096374416,1
SCHUYLERVILLE/PELHAM BAY,550000,2165,270.23356871265617,747156.3110825518,1
SEAGATE,624000,486,289.100765430857,346333.24084342824,1
SHEEPSHEAD BAY,710000,3432,387.26980953383145,1991640.0412252662,2
SILVER LAKE,600000,527,339.83286908078,271274.6423192984,1
SO. JAMAICA-BAISLEY PARK,377000,6803,293.0728241563055,266624.51797291444,2
SOHO,5250000,281,1302.0833333333333,6897455.078341407,3
SOUNDVIEW,476587.5,3406,201.32743362831857,4200895.758023531,2
SOUTH BEACH,499925,2042,346.0374054356963,690839.0947456405,1
SOUTH JAMAICA,389000,5815,260.63829787234044,408184.1888520492,2
SOUTH OZONE PARK,460000,5010,333.49307112759766,268224.35047680105,2
SOUTHBRIDGE,2835587.5,58,1095.4388983279723,6958385.182132421,3
SPRING CREEK,419656,451,217.2651191203421,40929443.76583936,1
SPRINGFIELD GARDENS,435000,5679,295.39800995024876,366373.5644357538,2
ST. ALBANS,415000,6787,277.34375,233970.22247164606,2
STAPLETON,340704,944,220.39198241574212,408888.9753359902,1
STAPLETON-CLIFTON,395358,327,241.3793103448276,649163.1005571985,1
STATEN ISLAND-UNKNOWN,1150000,136,565.2350395297638,1767142.3457542919,1
SUNNYSIDE (QUEENS),900000,866,422.3891841258766,2704761.210597562,1
SUNNYSIDE (STATEN ISLAND),507250,500,353.1970700188722,216278.65840274183,1
SUNSET PARK,990000,3376,402.8316700314524,1573446.1645211831,2
THROGS NECK,495000,2978,283.62529390303223,476953.7935089414,2
TODT HILL,1350000,416,369.92749113595914,855179.2115073133,1
TOMPKINSVILLE,440000,401,255.83090379008746,288296.46517431526,1
TOTTENVILLE,640000,2337,301.41843971631204,409908.240091221,1
TRAVIS,446330,720,290.03129968203496,178040.8904844699,1
TRIBECA,1753732.5,820,9.93845049973934,11166647.04863618,1
UPPER EAST SIDE (59-79),6025000,1196,1465.4928588314397,35871675.68391661,3
UPPER EAST SIDE (79-96),5085000,1225,1256.6137566137565,18432366.00347138,3
UPPER EAST SIDE (96-110),3225000,22,791.5035839854852,9060658.094882362,3
UPPER WEST SIDE (59-79),3056574.5,856,1398.0263157894738,25080261.12280345,3
UPPER WEST SIDE (79-96),4675000,821,1099.4001713796058,19812697.796791505,3
UPPER WEST SIDE (96-116),4150000,348,573.693535863146,22417584.40691386,3
WAKEFIELD,445000,2307,232.1867321867322,1487402.6978980515,1
WASHINGTON HEIGHTS LOWER,2900000,646,240.22531477799868,6093669.906503143,1
WASHINGTON HEIGHTS UPPER,4568045,379,211.26541771522665,6190214.261871926,1
WEST NEW BRIGHTON,413400,2405,248.015873015873,265282.8677343705,1
WESTCHESTER,500000,1098,220.33754708097928,1286497.2873057716,1
WESTERLEIGH,518250,1994,353.096884945994,217865.83565231235,1
WHITESTONE,875000,3204,521.7658205887848,530964.8662869307,2
WILLIAMSBRIDGE,460000,3758,199.76645283742647,962573.5778324621,2
WILLIAMSBURG-CENTRAL,850000,409,318.5,1845637.9868630748,1
WILLIAMSBURG-EAST,1468537,1244,627.2482014388489,6312553.097998535,1
WILLIAMSBURG-NORTH,1745000,592,1026.3048642664392,17266406.189476337,3
WILLIAMSBURG-SOUTH,1932500,458,602.1430738352925,6789619.681956944,1
WILLOWBROOK,550000,1633,336,262479.0073331463,1
WINDSOR TERRACE,1400000,885,726.7582861762328,734492.1650673928,1
WOODHAVEN,525000,3860,308.81176470588235,396303.9484093938,2
WOODLAWN,546000,595,248.8372093023256,914433.8383783322,1
WOODROW,560000,1559,290.625,277064.6863077981,1
WOODSIDE,775000,1448,370.1388888888889,1677271.673474692,1
WYCKOFF HEIGHTS,900000,742,256.4102564102564,873399.4637574906,1
